{"_wandb":{"runtime":159},"loss":0.23918883317577813,"lr":5.000000000000001e-07,"_timestamp":1.7304384763323913e+09,"_runtime":159.05705336,"_step":1}