{"_step":1,"loss":0.2733445358141604,"lr":5.000000000000001e-07,"_timestamp":1.7304390256446292e+09,"_runtime":136.236083917,"_wandb":{"runtime":136}}