{"_timestamp":1.7304382053641858e+09,"_runtime":149.017236494,"_step":1,"loss":0.23909734722338452,"_wandb":{"runtime":149},"lr":5.000000000000001e-07}