{"_step":1,"_wandb":{"runtime":203},"loss":0.18811863308561505,"lr":5.000000000000001e-07,"_timestamp":1.7304645224815583e+09,"_runtime":203.797118585}