{"lr":5.000000000000001e-07,"_wandb":{"runtime":151},"_timestamp":1.730465107543529e+09,"_runtime":151.230113396,"_step":1,"loss":0.11604481266253441}