{"_wandb":{"runtime":139},"loss":0.134509579895274,"lr":5.000000000000001e-07,"_timestamp":1.7304617372853274e+09,"_runtime":139.433982028,"_step":1}