{"loss":0.26843437677269344,"lr":5.000000000000001e-07,"_wandb":{"runtime":143},"_timestamp":1.7304378897290401e+09,"_runtime":143.858388397,"_step":1}