{"_runtime":171.660341544,"_step":1,"loss":0.1604686293447558,"_wandb":{"runtime":171},"lr":5.000000000000001e-07,"_timestamp":1.7304615273821042e+09}