{"_timestamp":1.7304640822017076e+09,"_runtime":306.199706828,"_step":1,"_wandb":{"runtime":306},"loss":0.1448545850303672,"lr":5.000000000000001e-07}