{"_timestamp":1.7304386783628616e+09,"_runtime":135.955345086,"_step":1,"loss":0.21052224156525934,"_wandb":{"runtime":135},"lr":5.000000000000001e-07}