{"lr":1e-12,"_timestamp":1.7303743659163616e+09,"_wandb":{"runtime":249},"_runtime":249.684038155,"_step":2,"loss":0.19338244322612866}